"COUNTRY_KEY"	"COUNTRYALT_KEY"	"COUNTRY2DIGITCODE"	"COUNTRY3DIGITCODE"	"COUNTRYNAME"	"COUNTRYSHORTNAME"	"COUNTRYSHORTNAMEENUM"	"COUNTRYGROUP"	"COUNTRYSUBGROUP"	"COUNTRYSEGMENT"	"COUNTRYVALIDCODE"	"CURRENCYCODE"	"CIBIL_COUNTRYCODE"	"MOODYRATING"	"SNPRATING"	"REGULATORCRAR"	"SRCSYSCOUNTRYCODE"	"SRCSYSCOUNTRYNAME"	"DESTSYSCOUNTRYCODE"	"AUTHORISATIONSTATUS"	"EFFECTIVEFROMTIMEKEY"	"EFFECTIVETOTIMEKEY"	"CREATEDBY"	"DATECREATED"	"MODIFIEDBY"	"DATEMODIFIE"	"APPROVEDBY"	"DATEAPPROVED"	"D2KTIMESTAMP"
298	998	"998"	"998"	"INVALID VALUE / UNKNOWN VALUE PROVIDED"	""	"998"	""	""	""	"Y"	""	""	""	""	""	""	""	""	""	1400	49999	"D2K"	06-JUN-13	""		""		00000000000F4651
0	0	"0"	"0"	"DATA / VALUE NOT PROVIDED"	""	"0"	""	""	""	"Y"	""	""	""	""	""	""	""	""	""	1400	49999	"D2K"	06-JUN-13	""		""		00000000000F4652
2	2	"AX"	"ALA"	"ALAND ISLANDS"	""	"ALA"	""	""	""	"Y"	"EUR"	""	""	""	""	""	""	""	""	1400	1400	"D2K"	06-JUN-13	""		""		00000000000F4653
3	3	"AL"	"ALB"	"ALBANIA"	""	"ALB"	""	""	""	"Y"	"ALL"	"002"	""	""	""	""	""	""	""	1400	49999	"D2K"	06-JUN-13	""		""		00000000000F4654
5	5	"AS"	"ASM"	"AMERICAN SAMOA"	""	"ASM"	""	""	""	"Y"	"USD"	""	""	""	""	""	""	""	""	1400	1400	"D2K"	06-JUN-13	""		""		00000000000F4655
6	6	"AD"	"AND"	"ANDORRA"	""	"AND"	""	""	""	"Y"	"EUR"	"004"	""	""	""	""	""	""	""	1400	49999	"D2K"	06-JUN-13	""		""		00000000000F4656
8	8	"AI"	"AIA"	"ANGUILLA"	""	"AIA"	""	""	""	"Y"	"XCD"	""	""	""	""	""	""	""	""	1400	1400	"D2K"	06-JUN-13	""		""		00000000000F4657
9	9	"AQ"	"ATA"	"ANTARCTICA (BRITISH)"	""	"ATA"	""	""	""	"Y"	""	""	""	""	""	""	""	""	""	1400	1400	"D2K"	06-JUN-13	""		""		00000000000F4658
10	10	"AG"	"ATG"	"ANTIGUA AND BARBUDA"	""	"ATG"	""	""	""	"Y"	"XCD"	""	""	""	""	""	""	""	""	1400	1400	"D2K"	06-JUN-13	""		""		00000000000F4659
11	11	"AR"	"ARG"	"ARGENTINA"	""	"ARG"	""	""	""	"Y"	"ARS"	"007"	""	""	""	""	""	""	""	1400	49999	"D2K"	06-JUN-13	""		""		00000000000F465A
68	68	"EE"	"EST"	"ESTONIA"	""	"EST"	""	""	""	"Y"	"EEK"	"058"	""	""	""	""	""	""	""	1400	49999	"D2K"	06-JUN-13	""		""		00000000000F465B
70	70	"FK"	"FLK"	"FALKLAND ISLANDS"	""	"FLK"	""	""	""	"Y"	"FKP"	""	""	""	""	""	""	""	""	1400	49999	"D2K"	06-JUN-13	""		""		00000000000F465C
71	71	"FO"	"FRO"	"FAROE ISLANDS"	""	"FRO"	""	""	""	"Y"	"DKK"	""	""	""	""	""	""	""	""	1400	1400	"D2K"	06-JUN-13	""		""		00000000000F465D
73	73	"FI"	"FIN"	"FINLAND"	""	"FIN"	""	""	""	"Y"	"EUR"	"061"	""	""	""	""	""	""	""	1400	49999	"D2K"	06-JUN-13	""		""		00000000000F465E
75	75	"GF"	"GUF"	"FRENCH GUIANA"	""	"GUF"	""	""	""	"Y"	"EUR"	""	""	""	""	""	""	""	""	1400	49999	"D2K"	06-JUN-13	""		""		00000000000F465F
77	77	"TF"	"ATF"	"FRENCH SOUTHERN TERRITORIES"	""	"ATF"	""	""	""	"Y"	"EUR"	""	""	""	""	""	""	""	""	1400	1400	"D2K"	06-JUN-13	""		""		00000000000F4660
78	78	"GA"	"GAB"	"GABON"	""	"GAB"	""	""	""	"Y"	"XAF"	"063"	""	""	""	""	""	""	""	1400	49999	"D2K"	06-JUN-13	""		""		00000000000F4661
80	80	"GE"	"GEO"	"GEORGIA"	""	"GEO"	""	""	""	"Y"	"GEL"	"065"	""	""	""	""	""	""	""	1400	49999	"D2K"	06-JUN-13	""		""		00000000000F4662
82	82	"GH"	"GHA"	"GHANA"	""	"GHA"	""	""	""	"Y"	"GHS"	"067"	""	""	""	""	""	""	""	1400	49999	"D2K"	06-JUN-13	""		""		00000000000F4663
84	84	"GR"	"GRC"	"GREECE"	""	"GRC"	""	""	""	"Y"	"EUR"	"068"	""	""	""	""	""	""	""	1400	49999	"D2K"	06-JUN-13	""		""		00000000000F4664
86	86	"GD"	"GRD"	"GRENADA"	""	"GRD"	""	""	""	"Y"	"XCD"	"069"	""	""	""	""	""	""	""	1400	49999	"D2K"	06-JUN-13	""		""		00000000000F4665
88	88	"GU"	"GUM"	"GUAM"	""	"GUM"	""	""	""	"Y"	"USD"	""	""	""	""	""	""	""	""	1400	49999	"D2K"	06-JUN-13	""		""		00000000000F4666
90	90	"GG"	"GGY"	"GUERNSEY"	""	"GGY"	""	""	""	"Y"	"GBP"	""	""	""	""	""	""	""	""	1400	49999	"D2K"	06-JUN-13	""		""		00000000000F4667
92	92	"GW"	"GNB"	"GUINEA-BISSAU"	""	"GNB"	""	""	""	"Y"	"XOF"	"072"	""	""	""	""	""	""	""	1400	49999	"D2K"	06-JUN-13	""		""		00000000000F4668
94	94	"HT"	"HTI"	"HAITI"	""	"HTI"	""	""	""	"Y"	"HTG"	"074"	""	""	""	""	""	""	""	1400	49999	"D2K"	06-JUN-13	""		""		00000000000F4669
95	95	"HM"	"HMD"	"HEARD AND MCDONALD ISLANDS"	""	"HMD"	""	""	""	"Y"	"AUD"	""	""	""	""	""	""	""	""	1400	1400	"D2K"	06-JUN-13	""		""		00000000000F466A
13	13	"AW"	"ABW"	"ARUBA"	""	"ABW"	""	""	""	"Y"	"AWG"	""	""	""	""	""	""	""	""	1400	49999	"D2K"	06-JUN-13	""		""		00000000000F466B
15	15	"AT"	"AUT"	"AUSTRIA"	""	"AUT"	""	""	""	"Y"	"EUR"	"010"	""	""	""	""	""	""	""	1400	49999	"D2K"	06-JUN-13	""		""		00000000000F466C
17	17	"BS"	"BHS"	"BAHAMAS"	""	"BHS"	""	""	""	"Y"	"BSD"	"012"	""	""	""	""	""	""	""	1400	49999	"D2K"	06-JUN-13	""		""		00000000000F466D
19	19	"BD"	"BGD"	"BANGLADESH"	""	"BGD"	""	""	""	"Y"	"BDT"	"014"	""	""	""	""	""	""	""	1400	49999	"D2K"	06-JUN-13	""		""		00000000000F466E
21	21	"BY"	"BLR"	"BELARUS"	""	"BLR"	""	""	""	"Y"	"BYR"	"016"	""	""	""	""	""	""	""	1400	49999	"D2K"	06-JUN-13	""		""		00000000000F466F
23	23	"BZ"	"BLZ"	"BELIZE"	""	"BLZ"	""	""	""	"Y"	"BZD"	"018"	""	""	""	""	""	""	""	1400	49999	"D2K"	06-JUN-13	""		""		00000000000F4670
25	25	"BM"	"BMU"	"BERMUDA"	""	"BMU"	""	""	""	"Y"	"BMD"	""	""	""	""	""	""	""	""	1400	49999	"D2K"	06-JUN-13	""		""		00000000000F4671
166	166	"PW"	"PLW"	"PALAU"	""	"PLW"	""	""	""	"Y"	"USD"	""	""	""	""	""	""	""	""	1400	1400	"D2K"	06-JUN-13	""		""		00000000000F4672
167	167	"PS"	"PSE"	"PALESTINIAN TERRITORY"	""	"PSE"	""	""	""	"Y"	""	""	""	""	""	""	""	""	""	1400	1400	"D2K"	06-JUN-13	""		""		00000000000F4673
169	169	"PG"	"PNG"	"PAPUA NEW GUINEA"	""	"PNG"	""	""	""	"Y"	"PGK"	"133"	""	""	""	""	""	""	""	1400	49999	"D2K"	06-JUN-13	""		""		00000000000F4674
171	171	"PE"	"PER"	"PERU"	""	"PER"	""	""	""	"Y"	"PEN"	"135"	""	""	""	""	""	""	""	1400	49999	"D2K"	06-JUN-13	""		""		00000000000F4675
173	173	"PN"	"PCN"	"PITCAIRN"	""	"PCN"	""	""	""	"Y"	"NZD"	""	""	""	""	""	""	""	""	1400	1400	"D2K"	06-JUN-13	""		""		00000000000F4676
174	174	"PL"	"POL"	"POLAND"	""	"POL"	""	""	""	"Y"	"PLN"	"137"	""	""	""	""	""	""	""	1400	49999	"D2K"	06-JUN-13	""		""		00000000000F4677
176	176	"PR"	"PRI"	"PUERTO RICO"	""	"PRI"	""	""	""	"Y"	"USD"	""	""	""	""	""	""	""	""	1400	1400	"D2K"	06-JUN-13	""		""		00000000000F4678
177	177	"QA"	"QAT"	"QATAR"	""	"QAT"	""	""	""	"Y"	"QAR"	"139"	""	""	""	""	""	""	""	1400	49999	"D2K"	06-JUN-13	""		""		00000000000F4679
178	178	"RE"	"REU"	"REUNION"	""	"REU"	""	""	""	"Y"	"EUR"	""	""	""	""	""	""	""	""	1400	1400	"D2K"	06-JUN-13	""		""		00000000000F467A
180	180	"RU"	"RUS"	"RUSSIA"	""	"RUS"	""	""	""	"Y"	"RUB"	"143"	""	""	""	""	""	""	""	1400	49999	"D2K"	06-JUN-13	""		""		00000000000F467B
182	182	"BL"	"BLM"	"SAINT BARTH?LEMY"	""	"BLM"	""	""	""	"Y"	"EUR"	""	""	""	""	""	""	""	""	1400	1400	"D2K"	06-JUN-13	""		""		00000000000F467C
183	183	"SH"	"SHN"	"SAINT HELENA"	""	"SHN"	""	""	""	"Y"	"SHP"	""	""	""	""	""	""	""	""	1400	49999	"D2K"	06-JUN-13	""		""		00000000000F467D
185	185	"LC"	"LCA"	"SAINT LUCIA"	""	"LCA"	""	""	""	"Y"	"XCD"	"146"	""	""	""	""	""	""	""	1400	49999	"D2K"	06-JUN-13	""		""		00000000000F467E
205	205	"ES"	"ESP"	"SPAIN"	""	"ESP"	""	""	""	"Y"	"EUR"	"162"	""	""	""	""	""	""	""	1400	49999	"D2K"	06-JUN-13	""		""		00000000000F467F
207	207	"SD"	"SDN"	"SUDAN"	""	"SDN"	""	""	""	"Y"	"SDG"	"164"	""	""	""	""	""	""	""	1400	49999	"D2K"	06-JUN-13	""		""		00000000000F4680
209	209	"SJ"	"SJM"	"SVALBARD AND JAN MAYEN ISLANDS"	""	"SJM"	""	""	""	"Y"	"NOK"	""	""	""	""	""	""	""	""	1400	1400	"D2K"	06-JUN-13	""		""		00000000000F4681
210	210	"SZ"	"SWZ"	"SWAZILAND"	""	"SWZ"	""	""	""	"Y"	"SZL"	"166"	""	""	""	""	""	""	""	1400	49999	"D2K"	06-JUN-13	""		""		00000000000F4682
212	212	"CH"	"CHE"	"SWITZERLAND"	""	"CHE"	""	""	""	"Y"	"CHF"	"168"	""	""	""	""	""	""	""	1400	49999	"D2K"	06-JUN-13	""		""		00000000000F4683
214	214	"TW"	"TWN"	"TAIWAN"	""	"TWN"	""	""	""	"Y"	"TWD"	"170"	""	""	""	""	""	""	""	1400	49999	"D2K"	06-JUN-13	""		""		00000000000F4684
216	216	"TZ"	"TZA"	"TANZANIA"	""	"TZA"	""	""	""	"Y"	"TZS"	"185"	""	""	""	""	""	""	""	1400	49999	"D2K"	06-JUN-13	""		""		00000000000F4685
218	218	"TL"	"TLS"	"TIMOR-LESTE"	""	"TLS"	""	""	""	"Y"	"USD"	""	""	""	""	""	""	""	""	1400	1400	"D2K"	06-JUN-13	""		""		00000000000F4686
219	219	"TG"	"TGO"	"TOGO"	""	"TGO"	""	""	""	"Y"	"XOF"	"174"	""	""	""	""	""	""	""	1400	49999	"D2K"	06-JUN-13	""		""		00000000000F4687
220	220	"TK"	"TKL"	"TOKELAU"	""	"TKL"	""	""	""	"Y"	"NZD"	""	""	""	""	""	""	""	""	1400	1400	"D2K"	06-JUN-13	""		""		00000000000F4688
222	222	"TT"	"TTO"	"TRINIDAD AND TOBAGO"	""	"TTO"	""	""	""	"Y"	"TTD"	"176"	""	""	""	""	""	""	""	1400	49999	"D2K"	06-JUN-13	""		""		00000000000F4689
224	224	"TR"	"TUR"	"TURKEY"	""	"TUR"	""	""	""	"Y"	"TRY"	"178"	""	""	""	""	""	""	""	1400	49999	"D2K"	06-JUN-13	""		""		00000000000F468A
98	98	"HU"	"HUN"	"HUNGARY"	""	"HUN"	""	""	""	"Y"	"HUF"	"077"	""	""	""	""	""	""	""	1400	49999	"D2K"	06-JUN-13	""		""		00000000000F468B
100	100	"IN"	"IND"	"INDIA"	""	"IND"	""	""	""	"Y"	"INR"	"079"	""	""	""	""	""	""	""	1400	49999	"D2K"	06-JUN-13	""		""		00000000000F468C
102	102	"IR"	"IRN"	"IRAN"	""	"IRN"	""	""	""	"Y"	"IRR"	"081"	""	""	""	""	""	""	""	1400	49999	"D2K"	06-JUN-13	""		""		00000000000F468D
104	104	"IE"	"IRL"	"IRELAND"	""	"IRL"	""	""	""	"Y"	"EUR"	"083"	""	""	""	""	""	""	""	1400	49999	"D2K"	06-JUN-13	""		""		00000000000F468E
105	105	"IM"	"IMN"	"ISLE OF MAN"	""	"IMN"	""	""	""	"Y"	"GBP"	""	""	""	""	""	""	""	""	1400	1400	"D2K"	06-JUN-13	""		""		00000000000F468F
107	107	"IT"	"ITA"	"ITALY"	""	"ITA"	""	""	""	"Y"	"EUR"	"085"	""	""	""	""	""	""	""	1400	49999	"D2K"	06-JUN-13	""		""		00000000000F4690
109	109	"JP"	"JPN"	"JAPAN"	""	"JPN"	""	""	""	"Y"	"JPY"	"087"	""	""	""	""	""	""	""	1400	49999	"D2K"	06-JUN-13	""		""		00000000000F4691
110	110	"JE"	"JEY"	"JERSEY"	""	"JEY"	""	""	""	"Y"	"GBP"	""	""	""	""	""	""	""	""	1400	1400	"D2K"	06-JUN-13	""		""		00000000000F4692
112	112	"KZ"	"KAZ"	"KAZAKHSTAN"	""	"KAZ"	""	""	""	"Y"	"KZT"	"089"	""	""	""	""	""	""	""	1400	49999	"D2K"	06-JUN-13	""		""		00000000000F4693
40	40	"CV"	"CPV"	"CAPE VERDE"	""	"CPV"	""	""	""	"Y"	"CVE"	"032"	""	""	""	""	""	""	""	1400	49999	"D2K"	06-JUN-13	""		""		00000000000F4694
42	42	"CF"	"CAF"	"CENTRAL AFRICAN REPUBLIC"	""	"CAF"	""	""	""	"Y"	"XAF"	"033"	""	""	""	""	""	""	""	1400	49999	"D2K"	06-JUN-13	""		""		00000000000F4695
44	44	"CL"	"CHL"	"CHILE"	""	"CHL"	""	""	""	"Y"	"CLP"	"035"	""	""	""	""	""	""	""	1400	49999	"D2K"	06-JUN-13	""		""		00000000000F4696
46	46	"CX"	"CXR"	"CHRISTMAS ISLAND"	""	"CXR"	""	""	""	"Y"	"AUD"	""	""	""	""	""	""	""	""	1400	1400	"D2K"	06-JUN-13	""		""		00000000000F4697
47	47	"CC"	"CCK"	"COCOS (KEELING) ISLANDS"	""	"CCK"	""	""	""	"Y"	"AUD"	""	""	""	""	""	""	""	""	1400	1400	"D2K"	06-JUN-13	""		""		00000000000F4698
48	48	"CO"	"COL"	"COLOMBIA"	""	"COL"	""	""	""	"Y"	"COP"	"037"	""	""	""	""	""	""	""	1400	49999	"D2K"	06-JUN-13	""		""		00000000000F4699
50	50	"CG"	"COG"	"CONGO"	""	"COG"	""	""	""	"Y"	"XAF"	"039"	""	""	""	""	""	""	""	1400	49999	"D2K"	06-JUN-13	""		""		00000000000F469A
51	51	"CD"	"COD"	"CONGO DEMOCRATIC"	""	"COD"	""	""	""	"Y"	"CDF"	""	""	""	""	""	""	""	""	1400	1400	"D2K"	06-JUN-13	""		""		00000000000F469B
53	53	"CR"	"CRI"	"COSTA RICA"	""	"CRI"	""	""	""	"Y"	"CRC"	"040"	""	""	""	""	""	""	""	1400	49999	"D2K"	06-JUN-13	""		""		00000000000F469C
55	55	"HR"	"HRV"	"CROATIA"	""	"HRV"	""	""	""	"Y"	"HRK"	"042"	""	""	""	""	""	""	""	1400	49999	"D2K"	06-JUN-13	""		""		00000000000F469D
57	57	"CY"	"CYP"	"CYPRUS"	""	"CYP"	""	""	""	"Y"	"EUR"	"044"	""	""	""	""	""	""	""	1400	49999	"D2K"	06-JUN-13	""		""		00000000000F469E
59	59	"DK"	"DNK"	"DENMARK"	""	"DNK"	""	""	""	"Y"	"DKK"	"048"	""	""	""	""	""	""	""	1400	49999	"D2K"	06-JUN-13	""		""		00000000000F469F
61	61	"DM"	"DMA"	"DOMINICA"	""	"DMA"	""	""	""	"Y"	"XCD"	"050"	""	""	""	""	""	""	""	1400	49999	"D2K"	06-JUN-13	""		""		00000000000F46A0
63	63	"EC"	"ECU"	"ECUADOR"	""	"ECU"	""	""	""	"Y"	"USD"	"053"	""	""	""	""	""	""	""	1400	49999	"D2K"	06-JUN-13	""		""		00000000000F46A1
65	65	"SV"	"SLV"	"EL SALVADOR"	""	"SLV"	""	""	""	"Y"	"SVC"	"055"	""	""	""	""	""	""	""	1400	49999	"D2K"	06-JUN-13	""		""		00000000000F46A2
67	67	"ER"	"ERI"	"ERITREA"	""	"ERI"	""	""	""	"Y"	"ERN"	""	""	""	""	""	""	""	""	1400	1400	"D2K"	06-JUN-13	""		""		00000000000F46A3
137	137	"MU"	"MUS"	"MAURITIUS"	""	"MUS"	""	""	""	"Y"	"MUR"	"111"	""	""	""	""	""	""	""	1400	49999	"D2K"	06-JUN-13	""		""		00000000000F46A4
138	138	"YT"	"MYT"	"MAYOTTE"	""	"MYT"	""	""	""	"Y"	"EUR"	""	""	""	""	""	""	""	""	1400	1400	"D2K"	06-JUN-13	""		""		00000000000F46A5
140	140	"FM"	"FSM"	"MICRONESIA"	""	"FSM"	""	""	""	"Y"	"USD"	""	""	""	""	""	""	""	""	1400	1400	"D2K"	06-JUN-13	""		""		00000000000F46A6
141	141	"MD"	"MDA"	"MOLDOVA"	""	"MDA"	""	""	""	"Y"	"MDL"	"141"	""	""	""	""	""	""	""	1400	49999	"D2K"	06-JUN-13	""		""		00000000000F46A7
142	142	"MC"	"MCO"	"MONACO"	""	"MCO"	""	""	""	"Y"	"EUR"	""	""	""	""	""	""	""	""	1400	1400	"D2K"	06-JUN-13	""		""		00000000000F46A8
144	144	"ME"	"MNE"	"MONTENEGRO"	""	"MNE"	""	""	""	"Y"	"EUR"	""	""	""	""	""	""	""	""	1400	1400	"D2K"	06-JUN-13	""		""		00000000000F46A9
145	145	"MS"	"MSR"	"MONTSERRAT"	""	"MSR"	""	""	""	"Y"	"XCD"	""	""	""	""	""	""	""	""	1400	49999	"D2K"	06-JUN-13	""		""		00000000000F46AA
147	147	"MZ"	"MOZ"	"MOZAMBIQUE"	""	"MOZ"	""	""	""	"Y"	"MZN"	"117"	""	""	""	""	""	""	""	1400	49999	"D2K"	06-JUN-13	""		""		00000000000F46AB
149	149	"NA"	"NAM"	"NAMIBIA"	""	"NAM"	""	""	""	"Y"	"ZAR"	"119"	""	""	""	""	""	""	""	1400	49999	"D2K"	06-JUN-13	""		""		00000000000F46AC
150	150	"NR"	"NRU"	"NAURU"	""	"NRU"	""	""	""	"Y"	"AUD"	""	""	""	""	""	""	""	""	1400	1400	"D2K"	06-JUN-13	""		""		00000000000F46AD
152	152	"NL"	"NLD"	"NETHERLANDS"	""	"NLD"	""	""	""	"Y"	"EUR"	"122"	""	""	""	""	""	""	""	1400	49999	"D2K"	06-JUN-13	""		""		00000000000F46AE
226	226	"TC"	"TCA"	"TURKS AND CAICOS ISLANDS"	""	"TCA"	""	""	""	"Y"	"USD"	""	""	""	""	""	""	""	""	1400	1400	"D2K"	06-JUN-13	""		""		00000000000F46AF
227	227	"TV"	"TUV"	"TUVALU"	""	"TUV"	""	""	""	"Y"	"AUD"	""	""	""	""	""	""	""	""	1400	1400	"D2K"	06-JUN-13	""		""		00000000000F46B0
228	228	"UG"	"UGA"	"UGANDA"	""	"UGA"	""	""	""	"Y"	"UGX"	"181"	""	""	""	""	""	""	""	1400	49999	"D2K"	06-JUN-13	""		""		00000000000F46B1
230	230	"AE"	"ARE"	"UNITED ARAB EMIRATES"	""	"ARE"	""	""	""	"Y"	"AED"	"183"	""	""	""	""	""	""	""	1400	49999	"D2K"	06-JUN-13	""		""		00000000000F46B2
232	232	"UM"	"UMI"	"UNITED STATES MINOR OUTLYING ISLANDS"	""	"UMI"	""	""	""	"Y"	"USD"	""	""	""	""	""	""	""	""	1400	1400	"D2K"	06-JUN-13	""		""		00000000000F46B3
233	233	"US"	"USA"	"UNITED STATES OF AMERICA"	""	"USA"	""	""	""	"Y"	"USD"	"186"	""	""	""	""	""	""	""	1400	49999	"D2K"	06-JUN-13	""		""		00000000000F46B4
235	235	"UZ"	"UZB"	"UZBEKISTAN"	""	"UZB"	""	""	""	"Y"	"UZS"	"188"	""	""	""	""	""	""	""	1400	49999	"D2K"	06-JUN-13	""		""		00000000000F46B5
237	237	"VA"	"VAT"	"VATICAN CITY STATE"	""	"VAT"	""	""	""	"Y"	"EUR"	""	""	""	""	""	""	""	""	1400	1400	"D2K"	06-JUN-13	""		""		00000000000F46B6
238	238	"VE"	"VEN"	"VENEZUELA"	""	"VEN"	""	""	""	"Y"	"VEF"	"190"	""	""	""	""	""	""	""	1400	49999	"D2K"	06-JUN-13	""		""		00000000000F46B7
240	240	"VG"	"VGB"	"VIRGIN ISLANDS BRITISH"	""	"VGB"	""	""	""	"Y"	"USD"	""	""	""	""	""	""	""	""	1400	1400	"D2K"	06-JUN-13	""		""		00000000000F46B8
241	241	"VI"	"VIR"	"VIRGIN ISLANDS US"	""	"VIR"	""	""	""	"Y"	"USD"	""	""	""	""	""	""	""	""	1400	1400	"D2K"	06-JUN-13	""		""		00000000000F46B9
242	242	"WF"	"WLF"	"WALLIS AND FUTUNA"	""	"WLF"	""	""	""	"Y"	"XPF"	""	""	""	""	""	""	""	""	1400	1400	"D2K"	06-JUN-13	""		""		00000000000F46BA
243	243	"EH"	"ESH"	"WESTERN SAHARA"	""	"ESH"	""	""	""	"Y"	"MAD"	""	""	""	""	""	""	""	""	1400	1400	"D2K"	06-JUN-13	""		""		00000000000F46BB
244	244	"YE"	"YEM"	"YEMEN"	""	"YEM"	""	""	""	"Y"	"YER"	"193"	""	""	""	""	""	""	""	1400	49999	"D2K"	06-JUN-13	""		""		00000000000F46BC
246	246	"ZW"	"ZWE"	"ZIMBABWE"	""	"ZWE"	""	""	""	"Y"	"ZWL"	"195"	""	""	""	""	""	""	""	1400	49999	"D2K"	06-JUN-13	""		""		00000000000F46BD
270	270	""	""	"ZAIRE"	""	"CDF"	""	""	""	"Y"	""	""	""	""	""	""	""	""	""	1400	1400	"d2k"	20-FEB-14	""		""		00000000000F46BE
300	300	"ID"	"IDA"	"IDA"	""	"IDA"	""	""	""	"Y"	""	""	""	""	""	""	""	""	""	2574	1400	"D2K"	06-JUN-13	""		""		00000000000F46BF
302	302	"CS"	"SER"	"SERBIA(REPUBLICOF)ANDMONTENEGRO"	""	"SER"	""	""	""	"Y"	""	""	""	""	""	""	""	""	""	2574	1400	"D2K"	06-JUN-13	""		""		00000000000F46C0
304	304	"JE"	"JE"	"JERSEY,C.I."	""	"JRSY,CI"	""	""	""	"Y"	"USD"	""	""	""	""	""	""	""	""	2879	1400	"D2K"	06-JUN-13	""		""		00000000000F46C1
153	153	"AN"	"ANT"	"NETHERLANDS ANTILLES"	""	"ANT"	""	""	""	"Y"	"ANG"	""	""	""	""	""	""	""	""	1400	49999	"D2K"	06-JUN-13	""		""		00000000000F46C2
155	155	"NZ"	"NZL"	"NEW ZEALAND"	""	"NZL"	""	""	""	"Y"	"NZD"	"123"	""	""	""	""	""	""	""	1400	49999	"D2K"	06-JUN-13	""		""		00000000000F46C3
157	157	"NE"	"NER"	"NIGER"	""	"NER"	""	""	""	"Y"	"XOF"	"125"	""	""	""	""	""	""	""	1400	49999	"D2K"	06-JUN-13	""		""		00000000000F46C4
159	159	"NU"	"NIU"	"NIUE"	""	"NIU"	""	""	""	"Y"	"NZD"	""	""	""	""	""	""	""	""	1400	1400	"D2K"	06-JUN-13	""		""		00000000000F46C5
160	160	"NF"	"NFK"	"NORFOLK ISLAND"	""	"NFK"	""	""	""	"Y"	"AUD"	""	""	""	""	""	""	""	""	1400	1400	"D2K"	06-JUN-13	""		""		00000000000F46C6
161	161	"KP"	"PRK"	"NORTH KOREA"	""	"PRK"	""	""	""	"Y"	"KPW"	"046"	""	""	""	""	""	""	""	1400	49999	"D2K"	06-JUN-13	""		""		00000000000F46C7
162	162	"MP"	"MNP"	"NORTHERN MARIANA ISLANDS"	""	"MNP"	""	""	""	"Y"	"USD"	""	""	""	""	""	""	""	""	1400	1400	"D2K"	06-JUN-13	""		""		00000000000F46C8
164	164	"OM"	"OMN"	"OMAN"	""	"OMN"	""	""	""	"Y"	"OMR"	"128"	""	""	""	""	""	""	""	1400	49999	"D2K"	06-JUN-13	""		""		00000000000F46C9
113	113	"KE"	"KEN"	"KENYA"	""	"KEN"	""	""	""	"Y"	"KES"	"090"	""	""	""	""	""	""	""	1400	49999	"D2K"	06-JUN-13	""		""		00000000000F46CA
114	114	"KI"	"KIR"	"KIRIBATI"	""	"KIR"	""	""	""	"Y"	"AUD"	""	""	""	""	""	""	""	""	1400	1400	"D2K"	06-JUN-13	""		""		00000000000F46CB
116	116	"KG"	"KGZ"	"KYRGYZSTAN REPUBLIC"	""	"KGZ"	""	""	""	"Y"	"KGS"	"093"	""	""	""	""	""	""	""	1400	49999	"D2K"	06-JUN-13	""		""		00000000000F46CC
118	118	"LV"	"LVA"	"LATVIA"	""	"LVA"	""	""	""	"Y"	"LVL"	"095"	""	""	""	""	""	""	""	1400	49999	"D2K"	06-JUN-13	""		""		00000000000F46CD
120	120	"LS"	"LSO"	"LESOTHO"	""	"LSO"	""	""	""	"Y"	"ZAR"	"097"	""	""	""	""	""	""	""	1400	49999	"D2K"	06-JUN-13	""		""		00000000000F46CE
122	122	"LY"	"LBY"	"LIBYA"	""	"LBY"	""	""	""	"Y"	"LYD"	"099"	""	""	""	""	""	""	""	1400	49999	"D2K"	06-JUN-13	""		""		00000000000F46CF
123	123	"LI"	"LIE"	"LIECHTENSTEIN"	""	"LIE"	""	""	""	"Y"	"CHF"	""	""	""	""	""	""	""	""	1400	1400	"D2K"	06-JUN-13	""		""		00000000000F46D0
125	125	"LU"	"LUX"	"LUXEMBOURG"	""	"LUX"	""	""	""	"Y"	"EUR"	"102"	""	""	""	""	""	""	""	1400	49999	"D2K"	06-JUN-13	""		""		00000000000F46D1
127	127	"MK"	"MKD"	"MACEDONIA"	""	"MKD"	""	""	""	"Y"	"MKD"	""	""	""	""	""	""	""	""	1400	49999	"D2K"	06-JUN-13	""		""		00000000000F46D2
129	129	"MW"	"MWI"	"MALAWI"	""	"MWI"	""	""	""	"Y"	"MWK"	"104"	""	""	""	""	""	""	""	1400	49999	"D2K"	06-JUN-13	""		""		00000000000F46D3
131	131	"MV"	"MDV"	"MALDIVES"	""	"MDV"	""	""	""	"Y"	"MVR"	"106"	""	""	""	""	""	""	""	1400	49999	"D2K"	06-JUN-13	""		""		00000000000F46D4
133	133	"MT"	"MLT"	"MALTA"	""	"MLT"	""	""	""	"Y"	"EUR"	"108"	""	""	""	""	""	""	""	1400	49999	"D2K"	06-JUN-13	""		""		00000000000F46D5
134	134	"MH"	"MHL"	"MARSHALL ISLANDS"	""	"MHL"	""	""	""	"Y"	"USD"	""	""	""	""	""	""	""	""	1400	1400	"D2K"	06-JUN-13	""		""		00000000000F46D6
135	135	"MQ"	"MTQ"	"MARTINIQUE"	""	"MTQ"	""	""	""	"Y"	"EUR"	""	""	""	""	""	""	""	""	1400	1400	"D2K"	06-JUN-13	""		""		00000000000F46D7
187	187	"PM"	"SPM"	"SAINT PIERRE AND MIQUELON"	""	"SPM"	""	""	""	"Y"	"EUR"	""	""	""	""	""	""	""	""	1400	1400	"D2K"	06-JUN-13	""		""		00000000000F46D8
188	188	"VC"	"VCT"	"SAINT VINCENT AND THE GRENADINES"	""	"VCT"	""	""	""	"Y"	"XCD"	"147"	""	""	""	""	""	""	""	1400	49999	"D2K"	06-JUN-13	""		""		00000000000F46D9
190	190	"SM"	"SMR"	"SAN MARINO"	""	"SMR"	""	""	""	"Y"	"EUR"	""	""	""	""	""	""	""	""	1400	1400	"D2K"	06-JUN-13	""		""		00000000000F46DA
191	191	"ST"	"STP"	"SAO TOME AND PRINCIPE"	""	"STP"	""	""	""	"Y"	"STD"	"150"	""	""	""	""	""	""	""	1400	49999	"D2K"	06-JUN-13	""		""		00000000000F46DB
193	193	"SN"	"SEN"	"SENEGAL"	""	"SEN"	""	""	""	"Y"	"XOF"	"152"	""	""	""	""	""	""	""	1400	49999	"D2K"	06-JUN-13	""		""		00000000000F46DC
194	194	"RS"	"SRB"	"SERBIA"	""	"SRB"	""	""	""	"Y"	"RSD"	""	""	""	""	""	""	""	""	1400	1400	"D2K"	06-JUN-13	""		""		00000000000F46DD
196	196	"SL"	"SLE"	"SIERRA LEONE"	""	"SLE"	""	""	""	"Y"	"SLL"	"155"	""	""	""	""	""	""	""	1400	49999	"D2K"	06-JUN-13	""		""		00000000000F46DE
198	198	"SK"	"SVK"	"SLOVAKIA"	""	"SVK"	""	""	""	"Y"	"EUR"	"157"	""	""	""	""	""	""	""	1400	49999	"D2K"	06-JUN-13	""		""		00000000000F46DF
200	200	"SB"	"SLB"	"SOLOMON ISLANDS"	""	"SLB"	""	""	""	"Y"	"SBD"	"159"	""	""	""	""	""	""	""	1400	49999	"D2K"	06-JUN-13	""		""		00000000000F46E0
202	202	"ZA"	"ZAF"	"SOUTH AFRICA"	""	"ZAF"	""	""	""	"Y"	"ZAR"	"161"	""	""	""	""	""	""	""	1400	49999	"D2K"	06-JUN-13	""		""		00000000000F46E1
203	203	"GS"	"SGS"	"SOUTH GEORGIA AND THE SOUTH SANDWICH ISLANDS"	""	"SGS"	""	""	""	"Y"	""	""	""	""	""	""	""	""	""	1400	1400	"D2K"	06-JUN-13	""		""		00000000000F46E2
26	26	"BT"	"BTN"	"BHUTAN"	""	"BTN"	""	""	""	"Y"	"INR"	"020"	""	""	""	""	""	""	""	1400	49999	"D2K"	06-JUN-13	""		""		00000000000F46E3
28	28	"BA"	"BIH"	"BOSNIA AND HERZEGOVINA"	""	"BIH"	""	""	""	"Y"	"BAM"	"022"	""	""	""	""	""	""	""	1400	49999	"D2K"	06-JUN-13	""		""		00000000000F46E4
30	30	"BV"	"BVT"	"BOUVET ISLAND"	""	"BVT"	""	""	""	"Y"	"NOK"	""	""	""	""	""	""	""	""	1400	1400	"D2K"	06-JUN-13	""		""		00000000000F46E5
31	31	"BR"	"BRA"	"BRAZIL"	""	"BRA"	""	""	""	"Y"	"BRL"	"024"	""	""	""	""	""	""	""	1400	49999	"D2K"	06-JUN-13	""		""		00000000000F46E6
32	32	"IO"	"IOT"	"BRITISH INDIAN OCEAN TERRITORY"	""	"IOT"	""	""	""	"Y"	"USD"	""	""	""	""	""	""	""	""	1400	1400	"D2K"	06-JUN-13	""		""		00000000000F46E7
34	34	"BG"	"BGR"	"BULGARIA"	""	"BGR"	""	""	""	"Y"	"BGN"	"026"	""	""	""	""	""	""	""	1400	49999	"D2K"	06-JUN-13	""		""		00000000000F46E8
36	36	"BI"	"BDI"	"BURUNDI"	""	"BDI"	""	""	""	"Y"	"BIF"	"028"	""	""	""	""	""	""	""	1400	49999	"D2K"	06-JUN-13	""		""		00000000000F46E9
38	38	"CM"	"CMR"	"CAMEROON"	""	"CMR"	""	""	""	"Y"	"XAF"	"030"	""	""	""	""	""	""	""	1400	49999	"D2K"	06-JUN-13	""		""		00000000000F46EA
297	997	"997"	"997"	"NOT APPLICABLE"	""	"997"	""	""	""	"Y"	""	""	""	""	""	""	""	""	""	1400	49999	"D2K"	06-JUN-13	""		""		00000000000F46EB
299	999	"999"	"999"	"OTHER"	""	"999"	""	""	""	"Y"	""	""	""	""	""	""	""	""	""	1400	49999	"D2K"	06-JUN-13	""		""		00000000000F46EC
1	1	"AF"	"AFG"	"AFGHANISTAN"	""	"AFG"	""	""	""	"Y"	"AFN"	"001"	""	""	""	""	""	""	""	1400	49999	"D2K"	06-JUN-13	""		""		00000000000F46ED
2	2	"AX"	"ALA"	"ALAND ISLANDS"	""	"ALA"	""	""	""	"Y"	"EUR"	""	""	""	""	""	""	""	""	1400	1400	"D2K"	06-JUN-13	""		""		00000000000F46EE
4	4	"DZ"	"DZA"	"ALGERIA"	""	"DZA"	""	""	""	"Y"	"DZD"	"003"	""	""	""	""	""	""	""	1400	49999	"D2K"	06-JUN-13	""		""		00000000000F46EF
5	5	"AS"	"ASM"	"AMERICAN SAMOA"	""	"ASM"	""	""	""	"Y"	"USD"	""	""	""	""	""	""	""	""	1400	1400	"D2K"	06-JUN-13	""		""		00000000000F46F0
7	7	"AO"	"AGO"	"ANGOLA"	""	"AGO"	""	""	""	"Y"	"AOA"	"005"	""	""	""	""	""	""	""	1400	49999	"D2K"	06-JUN-13	""		""		00000000000F46F1
8	8	"AI"	"AIA"	"ANGUILLA"	""	"AIA"	""	""	""	"Y"	"XCD"	""	""	""	""	""	""	""	""	1400	1400	"D2K"	06-JUN-13	""		""		00000000000F46F2
9	9	"AQ"	"ATA"	"ANTARCTICA (BRITISH)"	""	"ATA"	""	""	""	"Y"	""	""	""	""	""	""	""	""	""	1400	1400	"D2K"	06-JUN-13	""		""		00000000000F46F3
10	10	"AG"	"ATG"	"ANTIGUA AND BARBUDA"	""	"ATG"	""	""	""	"Y"	"XCD"	""	""	""	""	""	""	""	""	1400	1400	"D2K"	06-JUN-13	""		""		00000000000F46F4
12	12	"AM"	"ARM"	"ARMENIA"	""	"ARM"	""	""	""	"Y"	"AMD"	"008"	""	""	""	""	""	""	""	1400	49999	"D2K"	06-JUN-13	""		""		00000000000F46F5
69	69	"ET"	"ETH"	"ETHIOPIA"	""	"ETH"	""	""	""	"Y"	"ETB"	"059"	""	""	""	""	""	""	""	1400	49999	"D2K"	06-JUN-13	""		""		00000000000F46F6
71	71	"FO"	"FRO"	"FAROE ISLANDS"	""	"FRO"	""	""	""	"Y"	"DKK"	""	""	""	""	""	""	""	""	1400	1400	"D2K"	06-JUN-13	""		""		00000000000F46F7
72	72	"FJ"	"FJI"	"FIJI"	""	"FJI"	""	""	""	"Y"	"FJD"	"060"	""	""	""	""	""	""	""	1400	49999	"D2K"	06-JUN-13	""		""		00000000000F46F8
74	74	"FR"	"FRA"	"FRANCE"	""	"FRA"	""	""	""	"Y"	"EUR"	"062"	""	""	""	""	""	""	""	1400	49999	"D2K"	06-JUN-13	""		""		00000000000F46F9
76	76	"PF"	"PYF"	"FRENCH POLYNESIA"	""	"PYF"	""	""	""	"Y"	"XPF"	""	""	""	""	""	""	""	""	1400	49999	"D2K"	06-JUN-13	""		""		00000000000F46FA
77	77	"TF"	"ATF"	"FRENCH SOUTHERN TERRITORIES"	""	"ATF"	""	""	""	"Y"	"EUR"	""	""	""	""	""	""	""	""	1400	1400	"D2K"	06-JUN-13	""		""		00000000000F46FB
79	79	"GM"	"GMB"	"GAMBIA"	""	"GMB"	""	""	""	"Y"	"GMD"	"064"	""	""	""	""	""	""	""	1400	49999	"D2K"	06-JUN-13	""		""		00000000000F46FC
81	81	"DE"	"DEU"	"GERMANY"	""	"DEU"	""	""	""	"Y"	"EUR"	"066"	""	""	""	""	""	""	""	1400	49999	"D2K"	06-JUN-13	""		""		00000000000F46FD
83	83	"GI"	"GIB"	"GIBRALTAR"	""	"GIB"	""	""	""	"Y"	"GIP"	""	""	""	""	""	""	""	""	1400	49999	"D2K"	06-JUN-13	""		""		00000000000F46FE
85	85	"GL"	"GRL"	"GREENLAND"	""	"GRL"	""	""	""	"Y"	"DKK"	""	""	""	""	""	""	""	""	1400	49999	"D2K"	06-JUN-13	""		""		00000000000F46FF
87	87	"GP"	"GLP"	"GUADELOUPE"	""	"GLP"	""	""	""	"Y"	"EUR"	""	""	""	""	""	""	""	""	1400	49999	"D2K"	06-JUN-13	""		""		00000000000F4701
89	89	"GT"	"GTM"	"GUATEMALA"	""	"GTM"	""	""	""	"Y"	"GTQ"	"070"	""	""	""	""	""	""	""	1400	49999	"D2K"	06-JUN-13	""		""		00000000000F4702
91	91	"GN"	"GIN"	"GUINEA"	""	"GIN"	""	""	""	"Y"	"GNF"	"071"	""	""	""	""	""	""	""	1400	49999	"D2K"	06-JUN-13	""		""		00000000000F4703
93	93	"GY"	"GUY"	"GUYANA"	""	"GUY"	""	""	""	"Y"	"GYD"	"073"	""	""	""	""	""	""	""	1400	49999	"D2K"	06-JUN-13	""		""		00000000000F4704
95	95	"HM"	"HMD"	"HEARD AND MCDONALD ISLANDS"	""	"HMD"	""	""	""	"Y"	"AUD"	""	""	""	""	""	""	""	""	1400	1400	"D2K"	06-JUN-13	""		""		00000000000F4705
96	96	"HN"	"HND"	"HONDURAS"	""	"HND"	""	""	""	"Y"	"HNL"	"075"	""	""	""	""	""	""	""	1400	49999	"D2K"	06-JUN-13	""		""		00000000000F4706
14	14	"AU"	"AUS"	"AUSTRALIA"	""	"AUS"	""	""	""	"Y"	"AUD"	"009"	""	""	""	""	""	""	""	1400	49999	"D2K"	06-JUN-13	""		""		00000000000F4707
16	16	"AZ"	"AZE"	"AZERBAIJAN"	""	"AZE"	""	""	""	"Y"	"AZN"	"011"	""	""	""	""	""	""	""	1400	49999	"D2K"	06-JUN-13	""		""		00000000000F4708
18	18	"BH"	"BHR"	"BAHRAIN"	""	"BHR"	""	""	""	"Y"	"BHD"	"013"	""	""	""	""	""	""	""	1400	49999	"D2K"	06-JUN-13	""		""		00000000000F4709
20	20	"BB"	"BRB"	"BARBADOS"	""	"BRB"	""	""	""	"Y"	"BBD"	"015"	""	""	""	""	""	""	""	1400	49999	"D2K"	06-JUN-13	""		""		00000000000F470A
22	22	"BE"	"BEL"	"BELGIUM"	""	"BEL"	""	""	""	"Y"	"EUR"	"017"	""	""	""	""	""	""	""	1400	49999	"D2K"	06-JUN-13	""		""		00000000000F470B
24	24	"BJ"	"BEN"	"BENIN"	""	"BEN"	""	""	""	"Y"	"XOF"	"019"	""	""	""	""	""	""	""	1400	49999	"D2K"	06-JUN-13	""		""		00000000000F470C
166	166	"PW"	"PLW"	"PALAU"	""	"PLW"	""	""	""	"Y"	"USD"	""	""	""	""	""	""	""	""	1400	1400	"D2K"	06-JUN-13	""		""		00000000000F470D
167	167	"PS"	"PSE"	"PALESTINIAN TERRITORY"	""	"PSE"	""	""	""	"Y"	""	""	""	""	""	""	""	""	""	1400	1400	"D2K"	06-JUN-13	""		""		00000000000F470E
168	168	"PA"	"PAN"	"PANAMA"	""	"PAN"	""	""	""	"Y"	"PAB"	"132"	""	""	""	""	""	""	""	1400	49999	"D2K"	06-JUN-13	""		""		00000000000F470F
170	170	"PY"	"PRY"	"PARAGUAY"	""	"PRY"	""	""	""	"Y"	"PYG"	"134"	""	""	""	""	""	""	""	1400	49999	"D2K"	06-JUN-13	""		""		00000000000F4710
172	172	"PH"	"PHL"	"PHILIPPINES"	""	"PHL"	""	""	""	"Y"	"PHP"	"136"	""	""	""	""	""	""	""	1400	49999	"D2K"	06-JUN-13	""		""		00000000000F4711
173	173	"PN"	"PCN"	"PITCAIRN"	""	"PCN"	""	""	""	"Y"	"NZD"	""	""	""	""	""	""	""	""	1400	1400	"D2K"	06-JUN-13	""		""		00000000000F4712
175	175	"PT"	"PRT"	"PORTUGAL"	""	"PRT"	""	""	""	"Y"	"EUR"	"138"	""	""	""	""	""	""	""	1400	49999	"D2K"	06-JUN-13	""		""		00000000000F4713
176	176	"PR"	"PRI"	"PUERTO RICO"	""	"PRI"	""	""	""	"Y"	"USD"	""	""	""	""	""	""	""	""	1400	1400	"D2K"	06-JUN-13	""		""		00000000000F4714
178	178	"RE"	"REU"	"REUNION"	""	"REU"	""	""	""	"Y"	"EUR"	""	""	""	""	""	""	""	""	1400	1400	"D2K"	06-JUN-13	""		""		00000000000F4715
179	179	"RO"	"ROU"	"ROMANIA"	""	"ROU"	""	""	""	"Y"	"RON"	"142"	""	""	""	""	""	""	""	1400	49999	"D2K"	06-JUN-13	""		""		00000000000F4716
181	181	"RW"	"RWA"	"RWANDA"	""	"RWA"	""	""	""	"Y"	"RWF"	"144"	""	""	""	""	""	""	""	1400	49999	"D2K"	06-JUN-13	""		""		00000000000F4717
182	182	"BL"	"BLM"	"SAINT BARTH?LEMY"	""	"BLM"	""	""	""	"Y"	"EUR"	""	""	""	""	""	""	""	""	1400	1400	"D2K"	06-JUN-13	""		""		00000000000F4718
184	184	"KN"	"KNA"	"SAINT KITTS AND NEVIS"	""	"KNA"	""	""	""	"Y"	"XCD"	"145"	""	""	""	""	""	""	""	1400	49999	"D2K"	06-JUN-13	""		""		00000000000F4719
186	186	"MF"	"MAF"	"SAINT MARTIN"	""	"MAF"	""	""	""	"Y"	"EUR"	""	""	""	""	""	""	""	""	1400	49999	"D2K"	06-JUN-13	""		""		00000000000F471A
206	206	"LK"	"LKA"	"SRI LANKA"	""	"LKA"	""	""	""	"Y"	"LKR"	"163"	""	""	""	""	""	""	""	1400	49999	"D2K"	06-JUN-13	""		""		00000000000F471B
208	208	"SR"	"SUR"	"SURINAME"	""	"SUR"	""	""	""	"Y"	"SRD"	"165"	""	""	""	""	""	""	""	1400	49999	"D2K"	06-JUN-13	""		""		00000000000F471C
209	209	"SJ"	"SJM"	"SVALBARD AND JAN MAYEN ISLANDS"	""	"SJM"	""	""	""	"Y"	"NOK"	""	""	""	""	""	""	""	""	1400	1400	"D2K"	06-JUN-13	""		""		00000000000F471D
211	211	"SE"	"SWE"	"SWEDEN"	""	"SWE"	""	""	""	"Y"	"SEK"	"167"	""	""	""	""	""	""	""	1400	49999	"D2K"	06-JUN-13	""		""		00000000000F471E
213	213	"SY"	"SYR"	"SYRIA"	""	"SYR"	""	""	""	"Y"	"SYP"	"169"	""	""	""	""	""	""	""	1400	49999	"D2K"	06-JUN-13	""		""		00000000000F471F
215	215	"TJ"	"TJK"	"TAJIKISTAN"	""	"TJK"	""	""	""	"Y"	"TJS"	"171"	""	""	""	""	""	""	""	1400	49999	"D2K"	06-JUN-13	""		""		00000000000F4720
217	217	"TH"	"THA"	"THAILAND"	""	"THA"	""	""	""	"Y"	"THB"	"173"	""	""	""	""	""	""	""	1400	49999	"D2K"	06-JUN-13	""		""		00000000000F4721
218	218	"TL"	"TLS"	"TIMOR-LESTE"	""	"TLS"	""	""	""	"Y"	"USD"	""	""	""	""	""	""	""	""	1400	1400	"D2K"	06-JUN-13	""		""		00000000000F4722
220	220	"TK"	"TKL"	"TOKELAU"	""	"TKL"	""	""	""	"Y"	"NZD"	""	""	""	""	""	""	""	""	1400	1400	"D2K"	06-JUN-13	""		""		00000000000F4723
221	221	"TO"	"TON"	"TONGA"	""	"TON"	""	""	""	"Y"	"TOP"	"175"	""	""	""	""	""	""	""	1400	49999	"D2K"	06-JUN-13	""		""		00000000000F4724
223	223	"TN"	"TUN"	"TUNISIA"	""	"TUN"	""	""	""	"Y"	"TND"	"177"	""	""	""	""	""	""	""	1400	49999	"D2K"	06-JUN-13	""		""		00000000000F4725
225	225	"TM"	"TKM"	"TURKMENISTAN"	""	"TKM"	""	""	""	"Y"	"TMT"	"179"	""	""	""	""	""	""	""	1400	49999	"D2K"	06-JUN-13	""		""		00000000000F4726
97	97	"HK"	"HKG"	"HONG KONG"	""	"HKG"	""	""	""	"Y"	"HKD"	"076"	""	""	""	""	""	""	""	1400	49999	"D2K"	06-JUN-13	""		""		00000000000F4727
99	99	"IS"	"ISL"	"ICELAND"	""	"ISL"	""	""	""	"Y"	"ISK"	"078"	""	""	""	""	""	""	""	1400	49999	"D2K"	06-JUN-13	""		""		00000000000F4728
101	101	"ID"	"IDN"	"INDONESIA"	""	"IDN"	""	""	""	"Y"	"IDR"	"080"	""	""	""	""	""	""	""	1400	49999	"D2K"	06-JUN-13	""		""		00000000000F4729
103	103	"IQ"	"IRQ"	"IRAQ"	""	"IRQ"	""	""	""	"Y"	"IQD"	"082"	""	""	""	""	""	""	""	1400	49999	"D2K"	06-JUN-13	""		""		00000000000F472A
105	105	"IM"	"IMN"	"ISLE OF MAN"	""	"IMN"	""	""	""	"Y"	"GBP"	""	""	""	""	""	""	""	""	1400	1400	"D2K"	06-JUN-13	""		""		00000000000F472B
106	106	"IL"	"ISR"	"ISRAEL"	""	"ISR"	""	""	""	"Y"	"ILS"	"084"	""	""	""	""	""	""	""	1400	49999	"D2K"	06-JUN-13	""		""		00000000000F472C
108	108	"JM"	"JAM"	"JAMAICA"	""	"JAM"	""	""	""	"Y"	"JMD"	"086"	""	""	""	""	""	""	""	1400	49999	"D2K"	06-JUN-13	""		""		00000000000F472D
110	110	"JE"	"JEY"	"JERSEY"	""	"JEY"	""	""	""	"Y"	"GBP"	""	""	""	""	""	""	""	""	1400	1400	"D2K"	06-JUN-13	""		""		00000000000F472E
111	111	"JO"	"JOR"	"JORDAN"	""	"JOR"	""	""	""	"Y"	"JOD"	"088"	""	""	""	""	""	""	""	1400	49999	"D2K"	06-JUN-13	""		""		00000000000F472F
39	39	"CA"	"CAN"	"CANADA"	""	"CAN"	""	""	""	"Y"	"CAD"	"031"	""	""	""	""	""	""	""	1400	49999	"D2K"	06-JUN-13	""		""		00000000000F4730
41	41	"KY"	"CYM"	"CAYMAN ISLANDS"	""	"CYM"	""	""	""	"Y"	"KYD"	""	""	""	""	""	""	""	""	1400	49999	"D2K"	06-JUN-13	""		""		00000000000F4731
43	43	"TD"	"TCD"	"CHAD"	""	"TCD"	""	""	""	"Y"	"XAF"	"034"	""	""	""	""	""	""	""	1400	49999	"D2K"	06-JUN-13	""		""		00000000000F4732
45	45	"CN"	"CHN"	"CHINA"	""	"CHN"	""	""	""	"Y"	"CNY"	"036"	""	""	""	""	""	""	""	1400	49999	"D2K"	06-JUN-13	""		""		00000000000F4733
46	46	"CX"	"CXR"	"CHRISTMAS ISLAND"	""	"CXR"	""	""	""	"Y"	"AUD"	""	""	""	""	""	""	""	""	1400	1400	"D2K"	06-JUN-13	""		""		00000000000F4734
47	47	"CC"	"CCK"	"COCOS (KEELING) ISLANDS"	""	"CCK"	""	""	""	"Y"	"AUD"	""	""	""	""	""	""	""	""	1400	1400	"D2K"	06-JUN-13	""		""		00000000000F4735
49	49	"KM"	"COM"	"COMOROS ISLANDS"	""	"COM"	""	""	""	"Y"	"KMF"	"038"	""	""	""	""	""	""	""	1400	49999	"D2K"	06-JUN-13	""		""		00000000000F4736
51	51	"CD"	"COD"	"CONGO DEMOCRATIC"	""	"COD"	""	""	""	"Y"	"CDF"	""	""	""	""	""	""	""	""	1400	1400	"D2K"	06-JUN-13	""		""		00000000000F4737
52	52	"CK"	"COK"	"COOK ISLANDS"	""	"COK"	""	""	""	"Y"	"NZD"	""	""	""	""	""	""	""	""	1400	49999	"D2K"	06-JUN-13	""		""		00000000000F4738
54	54	"CI"	"CIV"	"COTE  DLVOIRE"	""	"CIV"	""	""	""	"Y"	"XOF"	"041"	""	""	""	""	""	""	""	1400	49999	"D2K"	06-JUN-13	""		""		00000000000F4739
56	56	"CU"	"CUB"	"CUBA"	""	"CUB"	""	""	""	"Y"	"CUP"	"043"	""	""	""	""	""	""	""	1400	49999	"D2K"	06-JUN-13	""		""		00000000000F473A
58	58	"CZ"	"CZE"	"CZECH REPUBLIC"	""	"CZE"	""	""	""	"Y"	"CZK"	"045"	""	""	""	""	""	""	""	1400	49999	"D2K"	06-JUN-13	""		""		00000000000F473B
60	60	"DJ"	"DJI"	"DJIBOUTI"	""	"DJI"	""	""	""	"Y"	"DJF"	"049"	""	""	""	""	""	""	""	1400	49999	"D2K"	06-JUN-13	""		""		00000000000F473C
62	62	"DO"	"DOM"	"DOMINICAN REPUBLIC"	""	"DOM"	""	""	""	"Y"	"DOP"	"051"	""	""	""	""	""	""	""	1400	49999	"D2K"	06-JUN-13	""		""		00000000000F473D
64	64	"EG"	"EGY"	"EGYPT"	""	"EGY"	""	""	""	"Y"	"EGP"	"054"	""	""	""	""	""	""	""	1400	49999	"D2K"	06-JUN-13	""		""		00000000000F473E
66	66	"GQ"	"GNQ"	"EQUATORIAL GUINEA"	""	"GNQ"	""	""	""	"Y"	"XAF"	"056"	""	""	""	""	""	""	""	1400	49999	"D2K"	06-JUN-13	""		""		00000000000F473F
67	67	"ER"	"ERI"	"ERITREA"	""	"ERI"	""	""	""	"Y"	"ERN"	""	""	""	""	""	""	""	""	1400	1400	"D2K"	06-JUN-13	""		""		00000000000F4740
138	138	"YT"	"MYT"	"MAYOTTE"	""	"MYT"	""	""	""	"Y"	"EUR"	""	""	""	""	""	""	""	""	1400	1400	"D2K"	06-JUN-13	""		""		00000000000F4741
139	139	"MX"	"MEX"	"MEXICO"	""	"MEX"	""	""	""	"Y"	"MXN"	"112"	""	""	""	""	""	""	""	1400	49999	"D2K"	06-JUN-13	""		""		00000000000F4742
140	140	"FM"	"FSM"	"MICRONESIA"	""	"FSM"	""	""	""	"Y"	"USD"	""	""	""	""	""	""	""	""	1400	1400	"D2K"	06-JUN-13	""		""		00000000000F4743
142	142	"MC"	"MCO"	"MONACO"	""	"MCO"	""	""	""	"Y"	"EUR"	""	""	""	""	""	""	""	""	1400	1400	"D2K"	06-JUN-13	""		""		00000000000F4744
143	143	"MN"	"MNG"	"MONGOLIA"	""	"MNG"	""	""	""	"Y"	"MNT"	"115"	""	""	""	""	""	""	""	1400	49999	"D2K"	06-JUN-13	""		""		00000000000F4745
144	144	"ME"	"MNE"	"MONTENEGRO"	""	"MNE"	""	""	""	"Y"	"EUR"	""	""	""	""	""	""	""	""	1400	1400	"D2K"	06-JUN-13	""		""		00000000000F4746
146	146	"MA"	"MAR"	"MOROCCO"	""	"MAR"	""	""	""	"Y"	"MAD"	"116"	""	""	""	""	""	""	""	1400	49999	"D2K"	06-JUN-13	""		""		00000000000F4747
148	148	"MM"	"MMR"	"MYANMAR"	""	"MMR"	""	""	""	"Y"	"MMK"	"118"	""	""	""	""	""	""	""	1400	49999	"D2K"	06-JUN-13	""		""		00000000000F4748
150	150	"NR"	"NRU"	"NAURU"	""	"NRU"	""	""	""	"Y"	"AUD"	""	""	""	""	""	""	""	""	1400	1400	"D2K"	06-JUN-13	""		""		00000000000F4749
151	151	"NP"	"NPL"	"NEPAL"	""	"NPL"	""	""	""	"Y"	"NPR"	"121"	""	""	""	""	""	""	""	1400	49999	"D2K"	06-JUN-13	""		""		00000000000F474A
226	226	"TC"	"TCA"	"TURKS AND CAICOS ISLANDS"	""	"TCA"	""	""	""	"Y"	"USD"	""	""	""	""	""	""	""	""	1400	1400	"D2K"	06-JUN-13	""		""		00000000000F474B
227	227	"TV"	"TUV"	"TUVALU"	""	"TUV"	""	""	""	"Y"	"AUD"	""	""	""	""	""	""	""	""	1400	1400	"D2K"	06-JUN-13	""		""		00000000000F474C
229	229	"UA"	"UKR"	"UKRAINE"	""	"UKR"	""	""	""	"Y"	"UAH"	"182"	""	""	""	""	""	""	""	1400	49999	"D2K"	06-JUN-13	""		""		00000000000F474D
231	231	"GB"	"GBR"	"UNITED KINGDOM"	""	"GBR"	""	""	""	"Y"	"GBP"	"184"	""	""	""	""	""	""	""	1400	49999	"D2K"	06-JUN-13	""		""		00000000000F474E
232	232	"UM"	"UMI"	"UNITED STATES MINOR OUTLYING ISLANDS"	""	"UMI"	""	""	""	"Y"	"USD"	""	""	""	""	""	""	""	""	1400	1400	"D2K"	06-JUN-13	""		""		00000000000F474F
234	234	"UY"	"URY"	"URUGUAY"	""	"URY"	""	""	""	"Y"	"UYU"	"187"	""	""	""	""	""	""	""	1400	49999	"D2K"	06-JUN-13	""		""		00000000000F4750
236	236	"VU"	"VUT"	"VANUATU"	""	"VUT"	""	""	""	"Y"	"VUV"	"189"	""	""	""	""	""	""	""	1400	49999	"D2K"	06-JUN-13	""		""		00000000000F4751
237	237	"VA"	"VAT"	"VATICAN CITY STATE"	""	"VAT"	""	""	""	"Y"	"EUR"	""	""	""	""	""	""	""	""	1400	1400	"D2K"	06-JUN-13	""		""		00000000000F4752
239	239	"VN"	"VNM"	"VIETNAM"	""	"VNM"	""	""	""	"Y"	"VND"	"191"	""	""	""	""	""	""	""	1400	49999	"D2K"	06-JUN-13	""		""		00000000000F4753
240	240	"VG"	"VGB"	"VIRGIN ISLANDS BRITISH"	""	"VGB"	""	""	""	"Y"	"USD"	""	""	""	""	""	""	""	""	1400	1400	"D2K"	06-JUN-13	""		""		00000000000F4754
241	241	"VI"	"VIR"	"VIRGIN ISLANDS US"	""	"VIR"	""	""	""	"Y"	"USD"	""	""	""	""	""	""	""	""	1400	1400	"D2K"	06-JUN-13	""		""		00000000000F4755
242	242	"WF"	"WLF"	"WALLIS AND FUTUNA"	""	"WLF"	""	""	""	"Y"	"XPF"	""	""	""	""	""	""	""	""	1400	1400	"D2K"	06-JUN-13	""		""		00000000000F4756
243	243	"EH"	"ESH"	"WESTERN SAHARA"	""	"ESH"	""	""	""	"Y"	"MAD"	""	""	""	""	""	""	""	""	1400	1400	"D2K"	06-JUN-13	""		""		00000000000F4757
245	245	"ZM"	"ZMB"	"ZAMBIA"	""	"ZMB"	""	""	""	"Y"	"ZMK"	"194"	""	""	""	""	""	""	""	1400	49999	"D2K"	06-JUN-13	""		""		00000000000F4758
270	270	""	""	"ZAIRE"	""	"CDF"	""	""	""	"Y"	""	""	""	""	""	""	""	""	""	1400	1400	"d2k"	20-FEB-14	""		""		00000000000F4759
300	300	"ID"	"IDA"	"IDA"	""	"IDA"	""	""	""	"Y"	""	""	""	""	""	""	""	""	""	2574	1400	"D2K"	06-JUN-13	""		""		00000000000F475A
301	301	"YU"	"YUG"	"YUGOSLAVIA"	""	"YUG"	""	""	""	"Y"	""	""	""	""	""	""	""	""	""	2574	49999	"D2K"	06-JUN-13	""		""		00000000000F475B
302	302	"CS"	"SER"	"SERBIA(REPUBLICOF)ANDMONTENEGRO"	""	"SER"	""	""	""	"Y"	""	""	""	""	""	""	""	""	""	2574	1400	"D2K"	06-JUN-13	""		""		00000000000F475C
304	304	"JE"	"JE"	"JERSEY,C.I."	""	"JRSY,CI"	""	""	""	"Y"	"USD"	""	""	""	""	""	""	""	""	2879	1400	"D2K"	06-JUN-13	""		""		00000000000F475D
154	154	"NC"	"NCL"	"NEW CALEDONIA"	""	"NCL"	""	""	""	"Y"	"XPF"	""	""	""	""	""	""	""	""	1400	49999	"D2K"	06-JUN-13	""		""		00000000000F475E
156	156	"NI"	"NIC"	"NICARAGUA"	""	"NIC"	""	""	""	"Y"	"NIO"	"124"	""	""	""	""	""	""	""	1400	49999	"D2K"	06-JUN-13	""		""		00000000000F475F
158	158	"NG"	"NGA"	"NIGERIA"	""	"NGA"	""	""	""	"Y"	"NGN"	"126"	""	""	""	""	""	""	""	1400	49999	"D2K"	06-JUN-13	""		""		00000000000F4760
159	159	"NU"	"NIU"	"NIUE"	""	"NIU"	""	""	""	"Y"	"NZD"	""	""	""	""	""	""	""	""	1400	1400	"D2K"	06-JUN-13	""		""		00000000000F4761
160	160	"NF"	"NFK"	"NORFOLK ISLAND"	""	"NFK"	""	""	""	"Y"	"AUD"	""	""	""	""	""	""	""	""	1400	1400	"D2K"	06-JUN-13	""		""		00000000000F4762
162	162	"MP"	"MNP"	"NORTHERN MARIANA ISLANDS"	""	"MNP"	""	""	""	"Y"	"USD"	""	""	""	""	""	""	""	""	1400	1400	"D2K"	06-JUN-13	""		""		00000000000F4763
163	163	"NO"	"NOR"	"NORWAY"	""	"NOR"	""	""	""	"Y"	"NOK"	"127"	""	""	""	""	""	""	""	1400	49999	"D2K"	06-JUN-13	""		""		00000000000F4764
165	165	"PK"	"PAK"	"PAKISTAN"	""	"PAK"	""	""	""	"Y"	"PKR"	"129"	""	""	""	""	""	""	""	1400	49999	"D2K"	06-JUN-13	""		""		00000000000F4765
114	114	"KI"	"KIR"	"KIRIBATI"	""	"KIR"	""	""	""	"Y"	"AUD"	""	""	""	""	""	""	""	""	1400	1400	"D2K"	06-JUN-13	""		""		00000000000F4766
115	115	"KW"	"KWT"	"KUWAIT"	""	"KWT"	""	""	""	"Y"	"KWD"	"092"	""	""	""	""	""	""	""	1400	49999	"D2K"	06-JUN-13	""		""		00000000000F4767
117	117	"LA"	"LAO"	"LAOS"	""	"LAO"	""	""	""	"Y"	"LAK"	"094"	""	""	""	""	""	""	""	1400	49999	"D2K"	06-JUN-13	""		""		00000000000F4768
119	119	"LB"	"LBN"	"LEBANON"	""	"LBN"	""	""	""	"Y"	"LBP"	"096"	""	""	""	""	""	""	""	1400	49999	"D2K"	06-JUN-13	""		""		00000000000F4769
121	121	"LR"	"LBR"	"LIBERIA"	""	"LBR"	""	""	""	"Y"	"LRD"	"098"	""	""	""	""	""	""	""	1400	49999	"D2K"	06-JUN-13	""		""		00000000000F476A
123	123	"LI"	"LIE"	"LIECHTENSTEIN"	""	"LIE"	""	""	""	"Y"	"CHF"	""	""	""	""	""	""	""	""	1400	1400	"D2K"	06-JUN-13	""		""		00000000000F476B
124	124	"LT"	"LTU"	"LITHUANIA"	""	"LTU"	""	""	""	"Y"	"LTL"	"101"	""	""	""	""	""	""	""	1400	49999	"D2K"	06-JUN-13	""		""		00000000000F476C
126	126	"MO"	"MAC"	"MACAO"	""	"MAC"	""	""	""	"Y"	"MOP"	""	""	""	""	""	""	""	""	1400	49999	"D2K"	06-JUN-13	""		""		00000000000F476D
128	128	"MG"	"MDG"	"MADAGASCAR"	""	"MDG"	""	""	""	"Y"	"MGA"	"103"	""	""	""	""	""	""	""	1400	49999	"D2K"	06-JUN-13	""		""		00000000000F476E
130	130	"MY"	"MYS"	"MALAYSIA"	""	"MYS"	""	""	""	"Y"	"MYR"	"105"	""	""	""	""	""	""	""	1400	49999	"D2K"	06-JUN-13	""		""		00000000000F476F
132	132	"ML"	"MLI"	"MALI"	""	"MLI"	""	""	""	"Y"	"XOF"	"107"	""	""	""	""	""	""	""	1400	49999	"D2K"	06-JUN-13	""		""		00000000000F4770
134	134	"MH"	"MHL"	"MARSHALL ISLANDS"	""	"MHL"	""	""	""	"Y"	"USD"	""	""	""	""	""	""	""	""	1400	1400	"D2K"	06-JUN-13	""		""		00000000000F4771
135	135	"MQ"	"MTQ"	"MARTINIQUE"	""	"MTQ"	""	""	""	"Y"	"EUR"	""	""	""	""	""	""	""	""	1400	1400	"D2K"	06-JUN-13	""		""		00000000000F4772
136	136	"MR"	"MRT"	"MAURITANIA"	""	"MRT"	""	""	""	"Y"	"MRO"	"110"	""	""	""	""	""	""	""	1400	49999	"D2K"	06-JUN-13	""		""		00000000000F4773
187	187	"PM"	"SPM"	"SAINT PIERRE AND MIQUELON"	""	"SPM"	""	""	""	"Y"	"EUR"	""	""	""	""	""	""	""	""	1400	1400	"D2K"	06-JUN-13	""		""		00000000000F4774
189	189	"WS"	"WSM"	"SAMOA"	""	"WSM"	""	""	""	"Y"	"WST"	"148"	""	""	""	""	""	""	""	1400	49999	"D2K"	06-JUN-13	""		""		00000000000F4775
190	190	"SM"	"SMR"	"SAN MARINO"	""	"SMR"	""	""	""	"Y"	"EUR"	""	""	""	""	""	""	""	""	1400	1400	"D2K"	06-JUN-13	""		""		00000000000F4776
192	192	"SA"	"SAU"	"SAUDI ARABIA"	""	"SAU"	""	""	""	"Y"	"SAR"	"151"	""	""	""	""	""	""	""	1400	49999	"D2K"	06-JUN-13	""		""		00000000000F4777
194	194	"RS"	"SRB"	"SERBIA"	""	"SRB"	""	""	""	"Y"	"RSD"	""	""	""	""	""	""	""	""	1400	1400	"D2K"	06-JUN-13	""		""		00000000000F4778
195	195	"SC"	"SYC"	"SEYCHELLES"	""	"SYC"	""	""	""	"Y"	"SCR"	"154"	""	""	""	""	""	""	""	1400	49999	"D2K"	06-JUN-13	""		""		00000000000F4779
197	197	"SG"	"SGP"	"SINGAPORE"	""	"SGP"	""	""	""	"Y"	"SGD"	"156"	""	""	""	""	""	""	""	1400	49999	"D2K"	06-JUN-13	""		""		00000000000F477A
199	199	"SI"	"SVN"	"SLOVENIA"	""	"SVN"	""	""	""	"Y"	"EUR"	"158"	""	""	""	""	""	""	""	1400	49999	"D2K"	06-JUN-13	""		""		00000000000F477B
201	201	"SO"	"SOM"	"SOMALIA"	""	"SOM"	""	""	""	"Y"	"SOS"	"160"	""	""	""	""	""	""	""	1400	49999	"D2K"	06-JUN-13	""		""		00000000000F477C
203	203	"GS"	"SGS"	"SOUTH GEORGIA AND THE SOUTH SANDWICH ISLANDS"	""	"SGS"	""	""	""	"Y"	""	""	""	""	""	""	""	""	""	1400	1400	"D2K"	06-JUN-13	""		""		00000000000F477D
204	204	"KR"	"KOR"	"SOUTH KOREA"	""	"KOR"	""	""	""	"Y"	"KRW"	"140"	""	""	""	""	""	""	""	1400	49999	"D2K"	06-JUN-13	""		""		00000000000F477E
27	27	"BO"	"BOL"	"BOLIVIA"	""	"BOL"	""	""	""	"Y"	"BOB"	"021"	""	""	""	""	""	""	""	1400	49999	"D2K"	06-JUN-13	""		""		00000000000F477F
29	29	"BW"	"BWA"	"BOTSWANA"	""	"BWA"	""	""	""	"Y"	"BWP"	"023"	""	""	""	""	""	""	""	1400	49999	"D2K"	06-JUN-13	""		""		00000000000F4780
30	30	"BV"	"BVT"	"BOUVET ISLAND"	""	"BVT"	""	""	""	"Y"	"NOK"	""	""	""	""	""	""	""	""	1400	1400	"D2K"	06-JUN-13	""		""		00000000000F4781
32	32	"IO"	"IOT"	"BRITISH INDIAN OCEAN TERRITORY"	""	"IOT"	""	""	""	"Y"	"USD"	""	""	""	""	""	""	""	""	1400	1400	"D2K"	06-JUN-13	""		""		00000000000F4782
33	33	"BN"	"BRN"	"BRUNEI"	""	"BRN"	""	""	""	"Y"	"BND"	"025"	""	""	""	""	""	""	""	1400	49999	"D2K"	06-JUN-13	""		""		00000000000F4783
35	35	"BF"	"BFA"	"BURKINA FASO"	""	"BFA"	""	""	""	"Y"	"XOF"	"027"	""	""	""	""	""	""	""	1400	49999	"D2K"	06-JUN-13	""		""		00000000000F4784
37	37	"KH"	"KHM"	"CAMBODIA"	""	"KHM"	""	""	""	"Y"	"KHR"	"029"	""	""	""	""	""	""	""	1400	49999	"D2K"	06-JUN-13	""		""		00000000000F4785
